<?xml version="1.0" encoding="UTF-8"?>
<LightningComponentBundle xmlns="http://soap.sforce.com/2006/04/metadata">
    <apiVersion>48.0</apiVersion>

    <isExposed>true</isExposed>

    <targets>
        <target>lightning__RecordPage</target>
        <target>lightning__AppPage</target>
        <target>lightning__HomePage</target>
    </targets>

    <targetConfigs>   
        <targetConfig targets="lightning__HomePage,lightning__RecordPage">
            <property name="recordTypeName" type="String" default="Investment Account" label="Enter RecordType name"/>
            <property name="limit" type="Integer" default="10" label="Enter Max Records to show"/>
            <property name="showRowNumber" type="Boolean" default="true" label="Want to show the row number?"/>
            <property name="nameInitialWidth" type="Integer" default="250" label="Column width for the Name column"/>
            <property name="showGraph" type="Boolean" default="true" label="Want to show charts?"/>
            <property name="showPrintView" type="Boolean" default="true" label="Want to show print view?"/>

            <property name="showPdf" type="Boolean" default="false" label="Want to show pdf view?"/>
            <property name="showSync" type="Boolean" default="false" label="Want to show sync?"/>
            <property name="showDetails" type="Boolean" default="false" label="Want to show details?"/>

            <property name="showSummary" type="Boolean" default="false" label="Want to show summary?"/>
            <property name="summaryType" type="String" default="table" label="Format to show the summary (grid or table)?"/>



        </targetConfig>
    </targetConfigs>


</LightningComponentBundle>